{"cameraMode":{"drawMode":0,"name":"Shaded","section":"Shading Mode"},"sceneLighting":true,"audioPlay":false,"sceneViewState":{"m_AlwaysRefresh":false,"showFog":true,"showSkybox":true,"showFlares":true,"showImageEffects":true,"showParticleSystems":true,"showVisualEffectGraphs":true,"m_FxEnabled":true},"in2DMode":false,"pivot":{"x":-8.849715232849121,"y":9.006787300109864,"z":7.436152935028076},"rotation":{"x":0.02115846425294876,"y":-0.10292743146419525,"z":0.002490215003490448,"w":0.9940313696861267},"size":18.703922271728517,"orthographic":false}